Geographic Area Name,year,Estimate!!Total,Spanish,French (incl. Cajun),Haitian,Italian,Portuguese,German,"Yiddish, Pennsylvania Dutch or other West Germanic languages",Greek,Russian,Polish,Serbo-Croatian,Ukrainian or other Slavic languages,Armenian,"Persian (incl. Farsi, Dari)",Gujarati,Hindi,Urdu,Punjabi,Bengali,"Nepali, Marathi, or other Indic languages",Other Indo-European languages,Telugu,Tamil,"Malayalam, Kannada, or other Dravidian languages","Chinese (incl. Mandarin, Cantonese)",Japanese,Korean,Hmong,Vietnamese,Khmer,"Thai, Lao, or other Tai-Kadai languages",Other languages of Asia,Tagalog (incl. Filipino),"Ilocano, Samoan, Hawaiian, or other Austronesian languages",Arabic,Hebrew,"Amharic, Somali, or other Afro-Asiatic languages","Yoruba, Twi, Igbo, or other languages of Western Africa","Swahili or other languages of Central, Eastern, and Southern Africa",Navajo,Other Native languages of North America,Other and unspecified languages,Estimate!!Total:
Alabama,2016,4548393.0,147816,6848,928,1149,1055,8205,878,794,1950,520,330,692,164,920,2594,2604,1463,136,1127,1823,1213,1666,606,334,9554,1707,8124,202,6946,649,2456,522,3702,1095,6049,382,474,1792,1463,143,835,1350,
Alaska,2016,682423.0,24078,2365,150,272,204,3137,249,269,5037,546,168,861,14,59,159,223,25,71,423,403,1026,41,45,49,1422,1421,3747,3431,1139,166,2716,630,16460,6283,516,259,489,532,373,151,30242,461,
Arizona,2016,6293638.0,1285656,16800,844,6676,3941,21506,2949,2545,7786,5815,7590,4297,1000,6624,3926,10526,2227,2213,2669,4743,10262,6149,4189,2983,30222,6737,9942,147,23300,2034,4568,4109,23815,7413,23052,2401,8797,3650,4442,82668,26480,3963,
Arkansas,2016,2777588.0,142819,3182,161,746,736,5020,1069,127,790,481,258,402,69,483,1201,1725,1171,314,560,1171,907,1448,832,474,5024,867,1453,1523,4484,441,3609,560,2725,5745,2670,31,374,472,435,4,638,464,
California,2016,36154645.0,10407915,127595,7495,59023,79593,105818,28250,24169,158027,19749,19917,34014,192374,196561,45654,172352,51265,134758,25430,48993,69800,53600,49906,29976,1144815,140697,370062,76036,542298,74422,84791,59055,792790,122819,173504,42121,66941,25761,14061,1434,6211,30628,
Colorado,2016,5023803.0,597078,16434,737,5290,3796,23894,3252,2147,16000,4287,2472,4804,558,4845,1278,6446,1438,1293,887,6002,7637,3670,2540,1552,23904,6672,15095,3131,19074,1708,4645,5232,7577,4574,9990,1874,13264,5683,3011,2305,2154,3570,
Connecticut,2016,3399758.0,391576,25828,17378,31617,36058,10330,2240,8803,10260,34092,5226,5794,621,1816,7684,13057,6536,1597,4708,5495,15872,6007,5498,2996,28159,3545,6608,66,7001,2258,3762,4045,8660,882,11704,2799,1849,6818,1823,0,309,8911,
Delaware,2016,879084.0,60311,3189,2376,1831,649,2267,1435,1012,917,832,298,513,76,516,2296,2141,1337,215,496,1250,838,2235,1479,814,7470,440,1683,26,1276,271,302,744,2298,336,1521,90,220,2718,2183,31,35,739,
District of Columbia,2016,617054.0,54247,8985,728,2058,1674,2543,507,599,2013,501,554,563,163,1131,379,1403,460,73,426,721,1851,124,112,203,5147,849,1359,0,774,91,218,846,2067,427,2127,610,6697,2603,807,26,97,817,
Florida,2016,18840238.0,3936129,104473,393505,48499,91460,63476,17810,20308,39954,23269,15421,17246,2183,10999,20349,23194,17141,2643,9818,10110,33491,9996,6348,11217,69191,11880,20936,1177,59034,5435,15866,14269,64670,7931,56143,21528,3620,8891,4211,67,2136,31727,
Georgia,2016,9438379.0,748955,39558,16848,4760,13272,23356,5516,2830,14186,2909,6705,5238,365,8388,22985,28160,13073,1971,7885,13250,13444,13104,8618,6413,45705,9152,45221,2996,44745,3677,8851,7612,12966,5000,17333,2617,20991,27581,10056,84,933,7588,
Hawaii,2016,1322028.0,25854,3377,116,915,1962,3650,336,131,1006,535,207,682,58,458,59,583,25,36,110,579,868,285,122,4,31901,45204,18116,32,10108,362,3610,461,60202,121924,628,542,132,349,125,51,242,3592,
Idaho,2016,1521420.0,120847,3111,53,504,1454,4509,855,95,1614,229,2514,1406,15,559,72,749,242,121,43,712,1719,214,308,48,3445,1052,851,72,1487,143,1045,848,2201,1153,2569,133,162,434,923,207,2107,773,
Illinois,2016,12061479.0,1596091,35532,4267,33963,6915,40067,7110,31804,41595,179651,31136,35007,2004,6640,44506,43035,46633,6287,6080,14691,46779,20939,13000,16990,102065,13589,44848,445,20808,3036,11563,12796,81878,6307,61598,5247,21091,22927,5933,16,1096,6745,
Indiana,2016,6169554.0,285410,11254,1757,3485,2211,32069,25945,3648,3993,4052,5276,4928,146,1358,3412,7161,4280,5632,1261,3008,3735,3482,2569,1420,26846,5542,7089,248,6710,869,1839,12416,7502,1841,10865,899,1711,6179,2672,65,521,1861,
Iowa,2016,2909721.0,113633,4876,304,1036,860,12159,4052,458,1842,453,8957,1357,51,350,608,2778,763,324,693,2187,1886,2239,1325,805,11583,1433,2659,701,7751,519,6059,4481,2562,1401,5829,393,2519,918,3664,0,1128,756,
Kansas,2016,2699377.0,203505,4486,361,887,1556,10934,1997,324,2506,478,850,597,70,1391,820,3243,1518,811,1315,2516,1114,3407,1540,732,10714,2095,3778,1354,12659,1501,4844,2669,3391,1479,4824,381,2755,909,3132,366,930,653,
Kentucky,2016,4137464.0,106467,6714,724,838,912,13606,6167,799,2630,574,4760,1443,128,1411,2300,2613,1543,406,489,4182,1768,1781,933,684,7734,4416,3214,76,4636,821,1405,3488,3586,1441,8399,411,3547,1941,2913,123,695,1143,
Louisiana,2016,4336413.0,156774,99790,7364,1869,3100,5048,744,1005,1193,603,1056,676,165,1263,1253,2445,1915,455,571,2097,1162,867,943,501,9865,1754,3009,78,29570,625,2623,770,4304,1096,8974,461,653,1382,717,63,658,716,
Maine,2016,1264777.0,11411,38695,283,1019,1201,3321,697,773,1231,524,471,459,35,698,165,466,207,0,37,270,1095,162,129,24,3158,575,421,0,1966,1072,534,540,1641,312,2544,151,2268,287,1337,14,1007,543,
Maryland,2016,5592351.0,416796,48205,14167,8960,11296,17470,4550,9497,22695,4272,1804,5114,1673,14364,10628,18926,18671,5508,8028,12294,6841,8115,7265,5758,67027,6303,37819,85,22142,2291,4521,9149,32434,4897,16533,6541,26353,45232,9967,199,495,9401,
Massachusetts,2016,6378533.0,548794,54710,73777,35274,180020,16915,4154,23101,38783,16411,4587,7724,6762,6463,10806,20675,7283,3319,5746,13693,24679,8185,8860,4854,124592,8915,16298,746,40023,22538,5565,7918,7646,2297,34654,6828,9789,14491,13825,11,1036,7211,
Michigan,2016,9335635.0,273083,21737,1528,16960,4796,34579,9899,7463,11744,19594,12510,11831,2336,3566,9433,17270,12794,5679,17268,9226,34984,10762,7179,7403,46425,11853,15605,4742,15277,1050,3954,4507,15345,2194,128073,2265,30547,6516,5007,11,2855,5225,
Minnesota,2016,5102068.0,194772,14670,992,2200,2561,20872,2901,1132,14073,2526,4293,4921,85,1979,2352,7759,2735,828,1605,5040,8898,5678,4103,2755,22503,3422,5532,60402,22963,6130,11100,12119,6331,2223,12422,1201,61821,10362,9029,63,5743,4744,
Mississippi,2016,2796802.0,67256,3983,105,644,680,3116,487,205,603,324,72,215,0,310,1167,1394,497,1077,389,1294,263,306,72,295,3740,1022,1718,37,5951,232,414,282,2837,477,2114,122,461,594,187,11,3984,301,
Missouri,2016,5685641.0,142678,12855,830,3692,2665,19927,10026,1154,7721,1422,11709,2277,220,1852,2758,5141,4089,649,1453,3716,4602,4348,2071,1572,20134,2506,6769,1063,13680,779,1958,2803,7379,3810,11049,1169,6243,3357,4174,63,923,1235,
Montana,2016,962396.0,12920,1770,65,499,243,6493,753,124,627,204,101,210,4,62,0,84,14,4,15,231,823,50,0,20,1222,521,649,0,235,2,217,130,835,286,497,235,28,64,108,178,6669,300,
Nebraska,2016,1750679.0,128899,4362,176,997,941,4546,460,299,1389,575,813,1655,0,630,368,1511,331,305,391,2557,1837,1413,588,343,4980,1427,1490,164,7908,82,1575,4654,1185,965,5170,116,2992,710,2356,3,1122,769,
Nevada,2016,2658732.0,561619,8436,493,4136,3574,8068,1504,1954,5684,2132,3388,3492,3148,4175,817,2897,1687,2155,1248,2170,3745,626,768,779,28503,6217,10969,36,9246,1270,7849,1391,75691,9526,6021,2329,10063,1230,1255,668,1883,2197,
New Hampshire,2016,1262827.0,26424,21260,731,1504,3229,3705,664,2516,1919,1210,1630,946,191,259,844,1439,644,160,429,3042,1886,1686,1383,784,5662,750,1296,14,1909,845,1068,543,1520,1118,2732,569,493,391,1175,0,61,785,
New Jersey,2016,8386947.0,1335729,36680,46110,69178,77118,22659,10147,22459,46701,60025,9545,22519,5266,7997,76782,72217,30263,16564,23431,22440,23142,29429,22170,17466,116434,10431,78100,32,18295,1054,2923,18296,79664,5718,67536,14564,3849,28291,6074,20,741,14826,
New Mexico,2016,1948900.0,545986,5118,108,1614,1110,7159,877,647,1588,484,290,283,99,1479,363,958,434,205,433,435,1242,664,160,141,4550,1455,1533,56,4024,109,1172,619,3314,453,3384,551,231,384,491,62431,33344,545,
New York,2016,18526734.0,2785081,134786,158313,171133,42542,58797,158211,63675,223577,87778,31270,38909,7443,26109,20098,60525,74319,36702,114031,29928,83691,9109,10088,27221,565187,35117,103229,173,23397,4577,11233,50134,75578,10986,94364,66085,12107,87369,10329,159,3988,33600,
North Carolina,2016,9334868.0,690417,26969,3982,6993,6860,21704,3572,5738,10738,3641,3619,3761,304,4060,11427,16304,6077,1868,2644,10936,7648,9336,6852,4065,33874,6085,14761,9832,23959,3591,6795,10145,14564,5813,20745,1460,7475,9688,6267,111,1639,4186,
North Dakota,2016,684743.0,11040,1471,119,256,418,7109,326,58,652,300,1378,575,0,63,89,616,45,44,155,1590,1760,178,54,19,1374,287,253,7,524,32,119,395,1132,164,691,49,1267,556,1512,79,1278,220,
Ohio,2016,10891177.0,240366,24690,1921,14529,3548,47901,46234,9129,16821,7837,10950,14282,413,4144,9237,16943,4784,3879,3012,14916,14932,8165,6518,3545,44400,9163,11394,526,12167,5069,5237,7118,9893,2968,40957,2438,19588,15741,6408,170,1125,9518,
Oklahoma,2016,3609771.0,245483,5095,631,1035,1279,8804,1201,659,1940,688,323,494,89,2341,980,1690,1996,226,1209,1439,1717,1116,928,2586,9673,1889,4422,3047,17368,351,2265,3441,3708,3473,5315,575,719,2225,1842,341,15334,674,
Oregon,2016,3750266.0,334636,10987,612,2193,3135,14439,2951,919,21392,1247,1556,7452,341,3952,787,6200,1145,1123,919,3980,9627,2159,1607,1452,28975,10031,10115,1600,24132,3535,4481,5542,9626,9086,8613,1256,6046,1206,1853,387,1980,2175,
Pennsylvania,2016,12069379.0,563727,37425,18592,39731,13395,45578,69439,13579,36957,20094,7337,18091,1780,5128,18878,23381,10736,4806,9528,17295,20630,11362,6715,12836,83429,6435,29158,835,37344,11169,4050,9834,15617,5058,35016,6653,5208,14050,6310,62,1018,8141,
Rhode Island,2016,999724.0,116296,9382,7523,6721,31606,1604,199,1672,2026,2034,212,432,800,230,668,1662,830,50,473,983,1338,402,427,318,6789,922,1149,466,1884,3901,2577,795,1647,228,3376,362,210,3087,368,0,175,656,
South Carolina,2016,4543106.0,200761,10678,1039,2553,3989,11395,1328,2069,4941,1485,951,3514,53,766,4552,2994,1312,577,519,1129,2825,1072,1078,682,10088,2512,4679,1576,5892,1409,2098,1648,7148,1199,5061,731,976,1432,1008,10,600,2031,
South Dakota,2016,790964.0,16125,846,22,260,158,5460,304,69,573,54,911,782,23,40,53,247,140,56,58,1103,695,152,49,64,1772,230,468,48,669,146,479,2055,1009,231,732,27,1904,336,1425,151,10800,341,
Tennessee,2016,6145849.0,241296,11782,2143,2389,2176,12778,4000,832,4086,1335,1425,1571,337,3403,5122,5527,2696,288,1641,5413,7527,3831,1354,2245,12965,4218,8736,410,9667,1467,7305,2487,6884,1910,21176,770,5428,5205,3747,43,827,1686,
Texas,2016,24985749.0,7373797,69212,7410,12588,24403,63553,9426,6833,22653,8880,7374,10230,1829,29319,29733,69674,71893,8665,18722,36242,19978,39041,24300,35715,159186,17481,56688,963,205861,10935,21363,24778,80227,18666,68142,6717,27364,54681,26174,1541,2480,8937,
Utah,2016,2694463.0,267820,7294,367,2190,7997,8214,2019,984,4090,822,2931,969,665,1746,229,1425,719,704,572,3269,3752,1002,1238,438,13373,4795,4721,84,6895,1646,3194,2846,4522,12029,4258,220,2249,762,1124,7365,2525,1082,
Vermont,2016,595890.0,6175,8508,102,826,262,2382,574,232,843,701,1290,216,94,154,91,215,159,83,115,1657,883,39,36,21,1531,368,500,0,912,18,370,590,550,99,835,106,758,144,210,0,127,364,
Virginia,2016,7800044.0,530447,32079,6250,8728,9182,27620,4351,6296,16534,3540,5170,5624,1019,29334,9930,25649,30803,8867,12386,15578,14435,19630,9988,5370,57342,9596,54623,336,50602,6323,9877,11963,46101,5645,50409,1589,32890,21401,5905,80,782,7112,
Washington,2016,6626003.0,556129,23014,1085,5456,5466,29182,4457,2634,58173,4412,5075,28353,1332,8432,3420,23140,4762,14850,2382,8599,21361,8687,8944,3960,93020,25703,47892,1796,60017,17171,12357,8977,57353,29764,15947,2832,31893,5235,6180,369,3497,6032,
West Virginia,2016,1744184.0,18164,2389,280,1285,215,2777,294,454,564,491,73,265,11,683,316,522,484,28,210,615,374,400,253,248,2899,813,637,22,1049,0,391,285,1507,186,1957,103,313,443,133,28,158,336,
Wisconsin,2016,5414479.0,248533,10288,340,3849,1771,32715,10980,1734,5168,6182,5036,2706,444,1089,1351,5907,3084,2150,1066,2720,8123,3313,2501,1480,16253,2389,4785,46243,4163,760,3686,3526,5055,1149,7822,855,2083,2684,1132,42,3845,1834,
Wyoming,2016,545062.0,27245,1159,62,395,248,2005,130,133,420,43,52,210,0,198,28,30,54,92,98,195,259,23,108,4,776,285,412,37,271,29,156,71,684,562,368,18,82,186,221,173,1964,169,
Puerto Rico,2016,3345832.0,3155521,1186,14,661,560,438,48,38,45,15,11,0,0,37,0,43,0,0,0,16,94,0,0,0,1206,101,26,0,151,0,0,8,77,30,483,64,0,0,13,0,6,261,
Alabama,2017,4558608.0,146478,6840,1020,1141,1206,7841,1013,765,1833,583,277,715,132,873,2440,2518,1237,196,1121,1847,1183,1836,597,272,10517,1893,8739,20,7342,626,2770,798,3466,1169,6459,364,416,1798,1768,75,692,1509,
Alaska,2017,684298.0,23226,2034,207,282,230,3257,339,280,5289,446,307,887,14,56,138,217,142,51,385,490,1103,37,46,29,1389,1333,3972,3394,1071,194,3019,658,16726,5631,420,83,549,588,368,95,29921,651,
Arizona,2017,6375189.0,1308293,16502,796,6425,3562,20884,2992,2183,7680,5928,6685,3840,1198,6064,3942,11436,2304,2687,2461,5151,11053,6151,5238,3376,31733,7013,9852,104,23423,1824,4441,4073,24419,6803,24275,2540,9283,3856,6124,82691,27074,4228,
Arkansas,2017,2787800.0,146666,2890,166,683,678,4757,908,202,878,509,274,451,86,585,1006,1892,1038,228,562,790,1137,1383,949,573,5538,1021,1654,1263,4536,271,3828,646,2578,5752,2942,77,409,525,569,0,515,474,
California,2017,36489302.0,10486447,126686,8085,57613,80097,101075,27951,22702,160254,19677,19426,35719,189940,201067,47693,183471,53900,138203,26287,51668,70045,57481,54077,31742,1180602,143412,367658,74666,547165,75341,83242,60281,795154,124525,178553,42771,65696,26391,15054,1510,5935,31752,
Colorado,2017,5102269.0,603303,16585,874,5049,3564,24263,2993,2096,15290,4407,2574,5046,687,5182,1511,6792,1685,1347,1000,6472,7056,3909,3183,1768,23941,6342,14780,3317,20197,2142,4808,6235,8025,4745,10762,2112,13030,6000,3458,2506,1741,3860,
Connecticut,2017,3408290.0,398297,24115,18132,29979,35769,9649,2058,8475,9623,33862,4920,5706,635,1869,7518,13012,6513,1454,5201,4899,15639,6099,5723,2671,29471,3680,6709,84,7630,2425,3237,4285,8724,849,11374,2543,1303,6858,1795,0,206,9218,
Delaware,2017,888450.0,60881,2690,3054,1728,561,2172,1373,852,1175,789,232,570,18,560,2304,2274,1310,332,846,905,660,2410,2054,845,7582,343,1550,23,1206,316,359,996,2628,376,1749,86,198,2882,2344,27,31,871,
District of Columbia,2017,628784.0,56512,9076,801,1841,1815,2671,536,619,2135,528,569,604,218,1272,354,1256,536,155,467,719,1728,159,97,279,5209,937,1350,0,1019,161,173,620,1825,442,2172,579,6532,2403,704,19,97,889,
Florida,2017,19173085.0,4078350,105435,403839,46939,102147,62533,16875,20677,42469,22476,15598,17576,2325,10610,19967,25756,18266,3340,10179,10308,33654,11691,7015,12571,72433,11833,19924,1185,59824,5333,16978,14815,63991,8999,54386,21725,3962,8626,3804,76,1963,32978,
Georgia,2017,9544207.0,763901,38085,15469,4600,13757,23218,5542,2933,13648,2616,6052,5521,269,9318,24167,30319,13469,1979,7302,13761,12964,14735,10175,6375,47036,8828,46266,2807,47037,4203,8211,8587,12700,5210,18768,3299,21061,29481,11043,94,969,7755,
Hawaii,2017,1330241.0,27328,3434,162,1029,1630,3174,231,135,1338,537,209,612,94,403,64,695,23,40,83,497,836,255,175,59,33285,45415,18910,40,10604,376,3717,336,58455,123177,660,493,180,306,194,63,137,4372,
Idaho,2017,1543263.0,123817,3054,33,697,1478,4348,824,125,1461,269,2318,1043,40,600,107,853,275,126,75,748,1646,215,352,54,4542,1363,912,118,1274,72,886,931,1841,1018,2659,142,164,358,1298,202,2394,682,
Illinois,2017,12068966.0,1608654,35458,4848,33295,7226,38065,6605,31635,42043,179243,29527,36706,2003,6883,46315,43862,48405,5637,5801,16144,47649,21207,13228,17148,102953,13643,43305,465,22523,3236,11691,12799,83021,6309,67644,5570,19475,22525,6450,22,1129,5884,
Indiana,2017,6196089.0,288236,10406,1910,3226,2607,30446,26562,3414,4311,4095,5286,4562,95,1464,3416,7093,3661,5818,1566,3022,3650,4364,2898,1777,26486,6050,7371,396,6425,666,2131,13699,8349,2257,10399,940,2554,7034,2734,94,434,1567,
Iowa,2017,2921617.0,115267,5067,515,981,1299,11483,4334,409,1878,514,8769,1403,55,331,934,2827,662,355,757,2797,1700,2475,1195,694,11798,1381,2964,844,7939,663,5441,5342,2658,1634,6462,358,2263,1226,3908,0,1115,722,
Kansas,2017,2706994.0,205710,4077,384,732,1942,10599,2152,274,2874,383,734,678,24,1249,1110,3965,1732,908,1261,2529,1273,3672,1415,735,10749,2226,3756,1441,12796,1337,5048,2512,3985,1691,4872,308,3380,1140,3315,208,1019,676,
Kentucky,2017,4150236.0,107735,7243,1082,1006,1121,13752,6278,659,3036,640,4622,1347,73,1557,2592,2927,1655,379,459,4777,1921,1704,1109,790,7215,4598,3283,54,4628,1152,1497,3708,3894,1270,8371,372,4197,2370,3481,108,654,1071,
Louisiana,2017,4353030.0,161384,95648,7237,1914,2897,4947,753,938,1281,505,973,830,136,817,1189,2750,2458,568,527,2278,1189,999,776,466,9266,1461,2938,72,29008,716,2770,892,4594,1205,9426,471,691,1264,1242,107,669,905,
Maine,2017,1265764.0,11186,37126,320,1012,1323,2959,612,831,1139,654,461,525,39,445,220,412,163,0,37,416,1187,247,86,31,3468,494,432,0,1213,1237,331,305,1431,376,2302,137,2437,362,1214,21,1087,737,
Maryland,2017,5629329.0,436910,50331,14874,8650,11325,16126,3988,9792,21676,4326,2077,4568,1709,14120,10810,19405,20664,6642,7867,12850,6951,8251,7150,5200,68633,6198,39347,99,21276,2234,4887,10068,33226,4563,18125,6667,26598,47120,9742,190,418,10424,
Massachusetts,2017,6426464.0,564401,54399,77930,32968,184962,15938,3986,22868,39182,16762,4605,8073,7077,6167,10324,21610,7528,3229,6530,14474,24265,8658,9374,5312,129412,9344,16205,522,40633,22950,5691,8987,8099,2491,33313,6996,10669,16111,15251,2,1070,7129,
Michigan,2017,9353569.0,273148,20789,1634,15882,4713,33685,10030,6984,11353,19209,12490,11735,2425,3748,8912,18381,13057,6164,18532,9855,33603,12669,8179,8060,49002,12252,15732,4845,13747,1070,4332,4453,15737,2473,135336,2003,32050,6518,4450,31,2814,5198,
Minnesota,2017,5140764.0,196279,14082,1336,1962,3145,19525,2915,1023,14050,2561,4419,4676,110,2043,1922,7313,2981,835,1721,5116,8185,6532,4265,2999,23366,3781,5815,61911,22918,6966,10180,13924,7001,2356,12724,1129,69509,11658,9589,15,5510,5031,
Mississippi,2017,2795365.0,67282,3758,120,590,718,2986,676,187,656,326,43,121,0,301,732,1544,467,1026,360,1294,272,449,160,284,3489,903,1756,32,6102,320,489,255,2968,310,2828,171,449,483,170,12,3860,288,
Missouri,2017,5702159.0,146225,11293,762,3309,2973,19680,10043,1071,7444,1580,12008,2069,216,1692,2796,5675,4856,778,1404,4242,4577,4290,2025,1901,20573,2604,6618,1224,13727,924,1847,2977,7482,3611,11479,1076,5868,3562,4733,133,805,1374,
Montana,2017,968644.0,13551,1797,54,501,299,6420,687,71,619,222,110,218,4,124,0,21,17,4,24,243,659,50,0,18,1194,477,592,18,224,3,273,121,1008,313,457,370,46,126,83,163,6335,331,
Nebraska,2017,1763094.0,131614,3997,186,787,947,4484,497,308,1377,596,959,1301,33,875,179,1609,324,337,477,3104,1868,1387,803,609,5096,1323,1575,215,7550,81,1593,5168,1353,909,5299,55,3304,894,2430,5,945,601,
Nevada,2017,2706518.0,575226,7970,535,4098,3840,8375,1390,1602,4902,1889,3594,4007,3264,4416,865,3599,1567,1984,1220,2158,3900,964,817,900,28617,6301,11739,80,9055,1084,7632,1794,79449,9680,5698,2417,10534,1001,1575,810,1917,2224,
New Hampshire,2017,1267615.0,27171,19845,668,1471,3415,3625,747,2233,1711,1253,1549,974,141,269,1135,1530,681,180,473,3333,1743,2068,1340,721,5601,594,1424,13,2121,682,1117,436,1615,1093,3396,495,159,533,1268,0,80,593,
New Jersey,2017,8433445.0,1360981,35097,48073,67373,76347,21016,9975,21948,47543,59136,8811,22095,4983,6890,81103,74912,29874,16583,24926,22202,22183,31104,24295,17269,121495,10036,78324,22,19015,995,2930,18627,79417,5326,67451,15291,4196,31633,6456,17,741,15295,
New Mexico,2017,1953766.0,541385,5041,64,1290,939,6507,765,516,1587,474,344,343,84,1053,424,1019,412,195,256,562,1103,571,131,157,4873,1501,1663,44,3883,141,1180,563,3248,637,3576,501,184,524,716,63073,32452,560,
New York,2017,18621351.0,2810962,131977,156539,165083,42332,58604,159439,62474,222096,86153,31537,38397,7310,26034,19759,60457,77506,34929,120636,32164,84127,9518,10556,29567,588310,35353,102039,289,22975,4417,11581,49732,76127,11219,97158,65454,13037,90168,11301,185,3570,35645,
North Carolina,2017,9448581.0,704788,27865,4756,6719,7344,21493,4038,5239,11004,3610,3493,3905,370,4291,12942,17285,5931,2094,2781,11614,7680,11516,7785,4438,34508,6607,14413,9697,24155,3469,7348,10370,14568,6000,22187,1637,8404,9796,6778,145,1448,4664,
North Dakota,2017,693709.0,11806,1709,107,215,331,6401,526,56,632,384,871,531,0,141,69,553,42,33,172,1629,1651,94,49,9,1715,477,275,19,525,47,160,336,1353,307,946,47,1353,693,971,31,1455,295,
Ohio,2017,10914052.0,244874,24176,1730,13878,3889,46910,48996,8266,16947,7086,11130,14218,430,3952,8535,18750,5057,4475,3169,19518,14441,9688,6639,3297,45786,8891,11048,494,12423,4990,5139,7726,10598,3184,42618,2189,20536,17998,6476,50,1010,9459,
Oklahoma,2017,3631138.0,251108,5354,605,1041,1144,8105,1146,563,2094,516,395,449,128,1902,1254,2068,2243,326,1460,1576,1567,896,838,2676,9684,1756,4347,3250,17784,336,2188,4277,3857,3337,5093,619,737,2316,1909,406,14704,660,
Oregon,2017,3793273.0,343032,10592,609,2247,3062,14473,3024,942,22030,1273,1542,8262,569,4493,785,6589,1135,1063,1075,4384,8746,2475,1951,1484,29681,10263,9897,1820,24966,3269,4347,4919,10552,8789,8056,1479,6798,1247,2397,249,1784,1978,
Pennsylvania,2017,12078858.0,576232,37581,18461,36863,14237,44182,71145,13371,38484,18972,6682,17869,1842,4947,17345,23549,11626,4815,10814,18589,20082,12124,7183,14001,87245,6823,29007,712,36930,10543,4247,10703,16657,5124,36129,6696,5257,15034,6667,89,1010,8186,
Rhode Island,2017,1001567.0,119710,9395,8375,6281,30744,1967,163,1575,2101,1624,116,447,769,241,505,1789,983,44,463,880,1594,511,737,354,7401,801,1155,441,1771,4793,2643,848,1356,200,3035,364,249,3106,370,0,206,720,
South Carolina,2017,4603480.0,205469,10215,1060,2319,4055,11542,1489,2016,5949,1617,892,3548,28,892,4358,3451,1312,603,499,1191,2786,1348,1163,878,11735,2216,4769,1207,5509,1261,2135,1969,6957,1324,5326,829,970,1625,935,0,570,1817,
South Dakota,2017,795232.0,16416,906,41,286,126,5735,393,72,586,63,668,721,2,43,74,268,203,0,123,1082,567,235,57,69,1434,247,570,47,657,117,625,2237,1052,177,723,37,1896,473,1294,139,10441,226,
Tennessee,2017,6194803.0,248552,10931,1875,2276,2391,12233,3647,868,4305,1175,1130,1776,143,3261,5903,5610,2570,201,1398,4456,8323,4015,2015,1977,14774,4341,8417,452,9718,1535,6920,3400,7298,2135,23463,514,6039,5699,3601,34,678,1977,
Texas,2017,25437762.0,7498255,69428,7418,12216,24797,62527,10325,6503,23313,8945,7892,9799,1808,30612,31864,73089,77847,8855,19520,38441,21742,44226,27274,37866,164449,17713,56064,908,214373,11446,21281,25000,82851,19250,77686,6402,29839,58209,28643,1346,2551,9334,
Utah,2017,2739927.0,274178,7131,257,2186,9603,8150,2012,1033,3834,959,2668,1092,695,1842,380,1487,751,663,510,2899,3894,1362,1377,300,14553,4900,4587,115,7555,1575,3785,2085,4394,11608,4257,211,2502,651,1555,7578,2575,1184,
Vermont,2017,594807.0,5878,8558,121,812,221,2156,580,302,784,612,1397,365,96,191,131,302,171,84,159,2094,1033,13,0,57,1894,364,409,0,654,28,195,304,503,110,759,129,796,167,265,0,102,365,
Virginia,2017,7856030.0,544455,31851,5781,9011,9054,26706,4510,6023,17400,3540,5192,5358,1045,30531,10085,26218,32266,8496,14121,17355,15091,20356,10319,5619,59595,10269,56852,275,49744,6385,10251,12636,45823,5230,50869,1585,37476,22271,5164,76,834,6650,
Washington,2017,6721822.0,563389,22548,1232,4590,5743,28129,4871,2502,57825,4490,5310,29092,1515,8110,3518,26272,5405,16271,2749,9817,21734,9340,8893,5070,98241,26351,47992,1411,61224,16594,12534,9181,58642,30581,15944,3436,32340,5380,6002,446,3260,5702,
West Virginia,2017,1735798.0,17955,2300,228,1388,245,2642,217,455,453,381,55,211,11,785,477,568,434,8,467,861,460,639,207,187,2823,876,415,21,916,0,342,224,1473,375,2018,59,280,484,235,20,159,313,
Wisconsin,2017,5425745.0,249076,9282,440,3388,2115,31618,10775,1680,5335,6274,4648,3039,365,1256,1811,6028,3150,2400,1053,3087,7180,3876,2545,1746,16757,2086,4510,45546,4041,647,3700,4054,4921,1325,7899,766,2353,2844,1321,36,3691,1837,
Wyoming,2017,545743.0,27302,1292,79,401,127,2050,131,116,455,35,31,204,0,150,14,35,11,31,45,176,239,29,116,17,914,298,347,30,161,20,153,24,798,375,415,17,86,98,281,220,2145,215,
Puerto Rico,2017,3296764.0,3107078,1178,14,735,559,352,65,38,64,15,12,0,0,34,0,46,0,0,41,0,51,0,0,0,1274,91,18,0,147,0,0,9,34,31,448,65,0,0,13,0,6,199,
Alabama,2018,4572555.0,148420,7129,1163,1105,1395,7781,905,764,1771,544,157,806,129,892,2354,2782,1864,181,1070,2060,1248,2174,475,380,10049,1873,9208,29,7585,744,2270,852,3503,972,5806,329,492,1870,1615,106,754,1376,
Alaska,2018,684276.0,24378,1969,238,306,204,3229,337,256,5373,405,274,958,16,89,45,147,193,80,241,255,967,10,32,29,1433,1195,3833,3950,1072,203,2749,678,18126,5661,457,107,467,790,545,44,28970,592,
Arizona,2018,6510583.0,1338389,16818,779,6620,3593,20110,2973,2410,7409,5970,7166,3509,1364,7199,3874,12927,2776,2829,2768,6388,11824,7371,5467,3627,34917,7144,9983,149,23792,1869,4207,4214,26633,6843,25342,2511,9507,4054,7959,84658,28402,4198,
Arkansas,2018,2800360.0,149618,3205,174,747,683,4186,844,163,882,637,241,408,63,499,1336,1888,985,317,856,733,1165,1765,927,627,5608,1119,1675,1600,5043,344,4059,550,2566,6510,2516,102,106,583,493,9,672,505,
California,2018,36668081.0,10529621,127611,7583,57596,82114,99129,26716,21848,160325,19932,20222,36828,190976,201999,47651,192859,55208,139919,28176,54939,69889,62613,56036,34135,1217206,141461,368099,74328,548129,69744,81184,62201,798884,122238,183194,42624,62883,27645,14988,1488,6226,34563,
Colorado,2018,5195942.0,612425,17294,1008,4857,3843,23951,3042,2041,15178,4202,2742,5299,660,5731,1835,7670,1487,1295,1588,7129,7456,4103,3155,2065,24813,6053,14299,3055,19998,2129,5140,6872,8164,4654,11666,2096,13764,6276,4120,2844,1811,3805,
Connecticut,2018,3396521.0,400036,24767,17870,28209,35491,9173,2137,8136,9859,33306,5012,5548,671,1969,7293,13614,6846,1529,5465,5352,15769,5889,6225,3009,29080,3968,6173,157,7957,2166,3290,3733,7211,1021,11903,2337,1295,7604,2228,0,577,9132,
Delaware,2018,894641.0,62657,2529,3117,1568,584,1899,1676,942,976,719,257,665,22,610,2299,2416,824,271,1447,684,726,2427,1790,909,7463,305,1603,24,1244,346,472,1153,2966,325,1702,166,211,2780,2528,29,29,686,
District of Columbia,2018,639806.0,57321,9015,716,1694,1736,2691,519,584,2070,518,638,774,226,1524,437,1173,550,182,470,676,1975,155,208,370,5121,1001,1342,0,1068,121,105,655,2022,408,2375,553,6671,2315,618,25,87,918,
Florida,2018,19480719.0,4199678,106486,415809,46199,110832,61523,17578,20598,46295,22643,17499,18662,2163,10775,19550,27109,18124,2916,11259,10863,35550,12315,8236,12244,74711,12339,20365,1393,61725,5035,15604,15398,65966,9220,58147,21875,4360,8811,3781,80,2130,34062,
Georgia,2018,9641674.0,770037,38697,15332,4586,15287,22015,4284,2594,13553,2514,5631,5466,319,9247,24171,30549,14380,2215,8238,14537,12664,16036,10986,6559,49100,8689,47552,3223,45853,3825,7390,8270,13048,5251,18798,3943,21622,33356,10429,113,773,8619,
Hawaii,2018,1331641.0,29100,3285,210,1026,1504,3053,304,228,1251,452,275,539,90,524,42,832,34,29,35,524,830,160,184,83,33741,43031,19328,27,9415,384,3552,478,58832,126637,812,558,223,132,139,65,111,6080,
Idaho,2018,1573645.0,126615,2972,21,625,1334,3900,819,127,1325,261,1883,1509,44,486,72,859,283,246,70,858,1648,167,332,68,4697,1347,674,167,1652,47,1373,900,2344,1098,3431,136,166,280,1014,252,2510,582,
Illinois,2018,12044540.0,1616278,34574,5218,30577,7726,35792,6280,30235,42064,175937,28558,37987,1686,7385,46826,47542,51749,6258,5543,17063,49791,21015,14400,17355,105748,13641,41833,404,24328,3053,11135,14076,81617,6134,68241,5445,19595,22582,6877,62,1159,6394,
Indiana,2018,6219127.0,288582,10065,1439,3107,2674,30677,27048,3728,3900,3891,5167,4689,118,1593,3477,7277,3504,5662,1886,3414,3486,4296,3388,1974,28011,5884,6900,360,7649,532,2222,16159,8519,2778,11778,1030,2617,7925,3126,35,479,1889,
Iowa,2018,2935069.0,118709,6386,890,1111,1509,10706,4543,327,1579,549,7898,1166,48,510,1231,2921,1072,279,741,3460,1469,2456,1075,936,12313,1197,2859,928,8549,705,5296,6668,2947,2004,7986,437,2482,1777,4252,6,1218,870,
Kansas,2018,2714574.0,209025,4199,371,853,1957,10406,2056,278,2487,308,792,690,29,1437,1409,4327,1637,1150,1216,3223,1126,3710,1719,851,10728,2042,3788,1468,13207,1263,5199,3054,3579,2013,4761,254,3604,1496,3351,186,969,594,
Kentucky,2018,4165764.0,111393,7224,935,1168,1225,13845,6100,510,3482,633,4933,1445,59,1812,3185,3162,1552,454,450,4452,1683,1809,1228,832,7076,4205,3404,80,5093,1223,1582,4135,4570,1528,8096,299,4376,2842,4011,104,614,1309,
Louisiana,2018,4354277.0,161432,89943,5694,1964,2894,4734,643,946,1280,455,909,651,41,810,1066,2399,2054,442,550,1866,1268,842,680,546,8707,1663,2734,68,28941,1013,2820,682,5173,1125,9834,421,786,1725,1215,58,680,765,
Maine,2018,1268376.0,11461,35752,364,968,1538,2846,694,885,1132,642,550,700,35,509,125,306,216,11,70,352,1175,196,161,70,3480,824,430,0,1159,1213,441,314,1455,353,2508,121,2462,310,1801,16,1186,747,
Maryland,2018,5637261.0,450150,52157,14401,8267,12758,15956,3955,8722,21499,4341,1730,4678,1727,13916,10967,20484,20218,6963,7661,12973,6959,8787,6930,5179,69447,6738,38017,110,21932,2225,4745,9546,33448,4734,18158,5734,30888,48569,10558,99,381,11443,
Massachusetts,2018,6467512.0,581553,54927,81696,32444,190569,15202,3877,22094,40595,15998,4213,8913,6551,6394,11971,23447,7777,3890,6575,14663,24868,8906,10001,5722,134582,8408,15802,427,41976,23329,5822,9274,8327,2502,35090,7086,11128,15597,14965,0,1134,7295,
Michigan,2018,9385114.0,279967,20570,1396,15143,5338,32315,10822,6461,11302,19000,12407,12489,2321,4050,9166,19342,13915,6896,20172,9536,32014,14282,8763,8909,50366,12292,15463,5034,14373,979,5159,5582,16348,2675,138749,2191,33265,6193,5285,52,2817,5418,
Minnesota,2018,5175618.0,200863,15046,1572,1921,3376,19475,3005,994,14677,2655,4198,4653,88,2025,1854,8024,2886,1049,2013,6182,7866,6285,4257,3197,23981,3885,5333,62881,23106,6516,9660,15812,7331,2530,13635,1107,77738,11470,10223,14,5796,4704,
Mississippi,2018,2800187.0,68037,3452,345,764,708,2515,653,186,626,328,26,131,0,297,445,1619,453,1010,442,1086,230,736,286,305,3700,927,1295,36,5725,368,302,246,2843,368,2920,175,295,575,170,14,3710,383,
Missouri,2018,5717130.0,145831,11362,1098,3395,2583,19451,10553,1121,6480,1718,12585,2776,356,1739,3172,5472,4789,924,1365,3737,5245,4393,1983,2234,21988,2618,6803,1403,13451,935,2218,3448,7618,3322,12539,871,6356,3665,5355,130,884,1459,
Montana,2018,979922.0,14762,1983,59,528,323,6418,752,104,741,191,106,177,22,158,0,88,43,4,26,269,563,42,0,0,1378,526,502,18,284,2,301,184,1093,351,425,314,39,160,123,195,6433,519,
Nebraska,2018,1772948.0,131151,3879,174,616,1029,4337,583,324,1661,600,978,1460,32,930,221,1973,369,130,324,3181,2309,1604,869,652,4887,1317,1570,225,6961,58,1644,6224,1744,879,5387,73,3505,1138,2527,23,828,505,
Nevada,2018,2740538.0,583289,8117,422,4260,3871,7987,1782,1638,5229,1533,3190,3621,3096,4468,826,4054,1643,2177,1246,2064,4259,954,870,754,29334,6041,10927,127,9546,1224,6507,1844,79356,9563,4977,2425,11726,1191,1792,731,2197,2178,
New Hampshire,2018,1279543.0,27776,18524,652,1518,3288,3166,687,2214,1894,1127,1237,931,164,270,842,1853,555,202,326,4346,2014,2075,1459,573,5611,615,1432,5,2374,437,1467,700,1824,1222,3127,463,430,764,1522,4,88,779,
New Jersey,2018,8360161.0,1356058,35878,49122,64378,76644,19850,9413,21219,48861,57644,7838,21862,4598,6757,77005,75014,29038,16295,24466,21841,21395,29948,25921,16799,119432,9847,76921,15,17621,1044,3033,18812,77800,5125,66919,15134,4275,33802,6747,18,890,14980,
New Mexico,2018,1964077.0,535918,4920,100,1103,842,5869,681,550,1338,566,197,330,106,1249,622,1139,620,206,454,603,1084,483,166,257,5067,1382,1774,48,3929,112,1102,538,3830,625,3871,509,112,819,1060,64819,33020,645,
New York,2018,18454847.0,2769603,132208,149371,157840,42236,57406,163024,61486,216638,84143,31842,38890,7115,25069,19523,61924,73935,34263,120004,32965,83351,9858,10092,29587,578865,34300,97855,282,23222,3965,11932,51906,75807,9900,102898,66872,13961,90187,11458,128,3748,35169,
North Carolina,2018,9552431.0,716899,27518,5840,6863,8421,21130,4107,5283,11799,3588,3798,3753,382,4468,13312,19215,6112,2373,2719,12361,8345,13164,8649,4888,36635,6959,15342,10304,23205,3448,7675,9732,14188,6448,23405,1798,7355,11381,7199,127,1773,4426,
North Dakota,2018,699381.0,12684,2122,184,116,236,6258,454,30,571,543,1010,376,0,226,164,532,98,44,165,2067,1578,74,42,7,1511,499,460,27,567,40,149,142,1473,231,1411,55,1908,1023,1435,59,1617,370,
Ohio,2018,10945946.0,250520,24488,1994,13187,4076,45729,51220,8373,16514,6858,11046,14096,555,4039,8518,19994,5102,4698,3557,23539,14677,10264,6865,3719,46268,9538,10772,563,13277,4702,4880,7830,11388,3492,44747,2220,22240,19249,6072,52,1020,9037,
Oklahoma,2018,3654145.0,259532,5071,543,926,1416,7516,1348,414,2120,513,366,563,146,1984,1322,2302,2340,254,1660,1931,1452,1125,1024,2677,10231,1766,4275,3435,17206,392,2448,4191,4017,2625,5652,691,836,2953,2120,407,14295,768,
Oregon,2018,3850016.0,350236,10665,584,2732,3155,14548,3008,923,20986,1297,2023,7463,494,4574,880,7241,1223,1032,1477,4311,8924,3354,2067,1545,31001,9874,9968,2307,25995,3585,4816,4802,11520,9283,8069,1487,7596,1482,1799,311,1679,2231,
Pennsylvania,2018,12081931.0,592883,37285,18327,35766,15277,43885,74189,13134,39418,18553,6472,18465,1697,5448,19647,24568,11709,4899,12557,19867,20249,13314,8184,14048,88410,6476,28390,569,36618,10189,4838,11357,16044,5723,35767,6316,6138,16919,6107,103,1033,9633,
Rhode Island,2018,1002024.0,121009,9642,8806,6137,29637,2037,138,1424,2087,1484,104,345,689,239,713,1879,1058,82,265,730,1661,651,893,424,7251,814,1222,481,1775,4531,2566,669,1571,215,3010,401,211,3203,428,0,115,585,
South Carolina,2018,4665835.0,209312,10560,1059,2813,4354,12138,1590,1876,6348,1693,858,3229,90,1143,4066,4086,1133,562,476,1145,2356,1472,1336,974,11555,2365,4396,1183,6514,1213,2285,2018,7757,1156,4724,1020,1199,1497,980,0,690,2200,
South Dakota,2018,803882.0,16103,900,55,247,122,5531,395,95,461,75,767,724,2,56,54,341,229,0,80,1502,623,347,36,59,1551,225,534,54,585,33,389,2304,1191,149,997,33,2281,457,1525,154,10403,222,
Tennessee,2018,6247498.0,254705,11036,1930,2249,2467,12578,3630,889,5296,1242,1018,2124,164,3527,5203,5084,2505,216,1278,4460,8964,4412,2133,2113,14989,4659,7770,419,10339,1910,6529,4009,7726,2562,24200,457,6401,5560,3879,41,889,1769,
Texas,2018,25886326.0,7631379,71096,7833,11527,26431,62283,10836,6269,25001,8543,8362,9555,1871,33341,33454,79200,79371,9554,20841,42211,22746,49983,31265,42747,170446,18733,58077,1098,219569,11698,22182,27339,83962,20384,86165,5457,31951,67034,33162,1266,3036,10250,
Utah,2018,2792485.0,288392,7379,255,2242,10521,8252,1973,1105,3720,840,2469,1168,751,1695,456,2059,1249,725,249,3214,3902,1805,1228,373,14970,5190,4669,157,7665,1574,4021,2649,4878,11582,4577,130,2746,688,1731,7835,2138,1271,
Vermont,2018,595301.0,6451,8371,132,803,216,2200,535,340,759,592,1420,345,126,180,133,182,167,105,155,2306,941,75,0,55,2230,505,425,0,562,56,202,431,507,146,652,209,684,129,329,0,170,381,
Virginia,2018,7903819.0,562347,32784,5442,8461,9888,26166,4277,6354,17760,3890,4975,5226,985,32129,9603,28736,31775,9064,14872,16989,14771,21634,10960,6006,59466,10608,56238,254,49526,6101,10447,12420,46446,4805,53946,1775,37621,22609,5986,131,771,7111,
Washington,2018,6841328.0,579129,22233,1333,4444,6716,27103,4708,2299,58029,4821,5392,28680,1251,8743,3737,28709,6329,18007,3176,10702,22199,10181,9045,5848,106836,26480,46786,1537,62159,16702,13009,9524,60667,31672,16449,3647,35008,5234,8226,389,3142,6195,
West Virginia,2018,1729763.0,17189,2194,265,1424,245,2616,415,404,398,331,63,236,12,761,388,617,530,10,479,792,571,736,218,223,3045,929,423,24,942,10,172,265,1486,404,2373,41,358,513,246,7,174,335,
Wisconsin,2018,5442474.0,249830,9110,493,3474,2300,30329,10883,1755,5522,6216,4698,2662,352,1476,1790,6730,3429,2870,1209,3347,7468,3293,2409,1668,17390,2263,4359,45068,3980,567,3605,5457,5264,1471,8233,868,2611,2895,1514,117,3716,1798,
Wyoming,2018,544566.0,27564,1328,37,375,117,1977,178,80,468,0,21,193,0,74,8,48,49,31,79,130,170,36,89,27,875,450,366,4,69,20,147,20,780,283,416,17,61,178,221,389,2077,273,
Puerto Rico,2018,3229303.0,3051305,1224,107,694,440,278,53,0,61,15,20,7,0,37,51,49,0,0,36,0,63,34,0,0,1105,87,13,0,110,0,0,8,9,13,380,30,0,0,16,0,0,132,
Alabama,2019,,153715,6895,1569,1139,1647,7619,864,729,1967,481,156,950,115,967,2828,2968,2216,504,1073,2148,1314,2295,446,405,9715,1881,9212,148,7657,693,2413,964,3905,1018,5149,281,481,1900,1850,59,847,1378,4583063.0
Alaska,2019,,25099,1664,174,379,172,3144,281,268,5097,321,225,874,16,122,39,115,163,79,66,242,1012,13,54,26,1382,1281,3858,4029,974,82,2035,664,18719,5410,397,160,549,794,484,31,28880,560,683831.0
Arizona,2019,,1352104,16540,720,7106,4125,18623,3188,2590,7376,6552,7248,3967,1385,7423,4455,13803,3029,3729,3094,5836,11907,8677,5813,3895,34874,7628,9997,169,23298,1903,4491,4385,27035,7545,25233,2675,10608,4479,9159,86304,28773,4245,6616331.0
Arkansas,2019,,152982,3438,192,739,831,4286,856,123,780,752,309,697,59,429,1234,1809,917,327,883,815,1342,1659,946,634,5483,1049,1687,1539,5184,367,4319,392,2766,6692,2345,108,72,692,648,8,600,526,2809734.0
California,2019,,10578516,128107,7967,55651,87158,97260,26159,21797,162100,20768,19684,36755,188581,204632,47484,200006,56039,144581,28975,56170,71040,64587,59068,36508,1245965,139383,362578,73280,553119,68350,79565,62204,802368,122339,186382,43453,64675,28995,17160,1438,5846,35324,36831969.0
Colorado,2019,,618013,17844,830,4615,3885,23550,2968,2101,14984,4125,2760,4102,869,5535,1691,7635,1797,1555,1445,6946,7649,4435,3216,2578,24384,6541,13981,2699,20609,2093,5309,6482,8734,5615,11623,2191,14572,6457,5040,2436,1756,4224,5276317.0
Connecticut,2019,,404850,24037,17097,27071,36235,8821,2094,8288,9411,32400,4860,5321,612,1945,7182,13281,7139,1634,5755,5508,15589,6133,6350,3370,29335,3615,6302,132,7389,2253,3099,4143,7406,1037,11816,2233,1369,8091,1916,23,522,9092,3391266.0
Delaware,2019,,63768,2744,4248,1518,714,1849,2272,960,1024,702,220,725,19,621,2592,2840,868,190,1614,829,620,1973,1899,931,7894,288,1814,18,1221,276,458,1257,2567,251,1700,178,234,3082,1956,32,26,632,902418.0
District of Columbia,2019,,58536,8516,910,1494,1636,2647,426,615,1856,375,676,702,252,1455,409,1411,497,240,468,660,1597,171,270,351,5050,901,1512,0,1229,128,144,782,1799,401,2472,649,6154,2327,732,12,92,875,647643.0
Florida,2019,,4312975,105765,427407,45469,120235,62902,17087,19366,48909,23736,16175,20050,2105,11193,21324,27523,17326,2557,13049,10368,36190,12543,8451,11801,76934,12866,19587,1256,64004,5308,15493,14801,66396,9707,58622,22186,4189,10330,4529,232,2072,33532,19773422.0
Georgia,2019,,781531,38925,16673,4836,16730,23137,4512,2473,14158,2522,5802,5636,403,8569,24497,31453,14670,2485,9287,14234,12742,17351,12661,6708,50846,8814,46298,3153,49176,2831,7790,7810,13636,5756,20670,3993,20743,34604,10123,138,699,10037,9747170.0
Hawaii,2019,,30522,3307,242,1134,1524,3016,304,205,1360,522,492,567,109,548,42,711,60,70,30,570,1068,244,178,100,32658,41621,19204,29,8982,402,4445,564,57709,130506,661,594,172,156,164,26,143,9383,1333252.0
Idaho,2019,,130162,2675,61,574,1668,3604,823,142,1735,257,2219,1654,28,574,14,735,27,65,80,1211,1722,222,355,62,4921,1389,706,129,1800,37,1408,621,2438,961,3876,149,332,218,1331,243,2500,557,1603389.0
Illinois,2019,,1621065,36003,5276,30458,8204,33781,6731,29255,43147,173168,28339,40205,1892,7677,47080,46152,51505,6317,5201,16770,49119,21966,14638,17086,106186,14728,41784,463,26619,2955,10860,14642,81194,6415,68566,5466,19410,23955,7794,80,882,6804,12003438.0
Indiana,2019,,289515,11446,1606,2703,2927,31812,29545,3780,4099,4224,4937,4212,134,1545,3704,7954,4049,6282,2009,3102,3692,4098,3471,2084,27980,6209,7383,408,7401,430,2365,19826,8528,2833,12243,1056,2765,8315,3474,60,610,1819,6247018.0
Iowa,2019,,122459,7722,732,1083,1435,10571,5129,368,1788,602,8459,1286,58,563,1273,3001,1227,470,686,3406,1626,2702,996,740,12259,1168,2992,462,8768,917,5505,6754,3144,2088,9083,270,2208,2120,5097,36,1271,884,2943081.0
Kansas,2019,,211519,4338,291,717,2213,10777,2142,240,2160,349,782,879,28,1400,1150,4569,1849,1208,903,3172,1369,4022,1221,1144,11442,2121,3505,1582,12800,1574,5371,3884,3557,2110,5118,331,3370,1516,3835,331,1009,690,2719539.0
Kentucky,2019,,114553,7581,933,1247,1498,13487,6636,511,4026,600,4981,1757,43,1589,3940,3518,1563,418,366,4679,1672,1944,1471,1019,7197,4199,3411,241,4686,1042,1487,4382,4732,1516,8449,259,4665,2838,4511,140,365,958,4174460.0
Louisiana,2019,,163720,84940,4126,2012,2830,4713,637,664,1470,297,741,638,52,858,851,3022,2056,415,441,1877,1569,1025,291,549,9350,1735,2701,71,28292,1001,2749,951,5306,1030,10148,414,877,1578,1292,0,466,841,4356927.0
Maine,2019,,11504,34473,331,839,1585,2735,601,876,910,638,564,809,67,389,140,381,200,12,87,292,1099,177,73,77,3262,660,387,0,955,1408,609,192,1395,385,2167,184,2627,310,1946,11,1190,765,1271457.0
Maryland,2019,,471743,54224,14862,7917,13304,15983,3897,8136,21205,4209,1775,4566,1641,14281,10901,20713,18881,6829,8576,14089,7190,9316,6651,5685,70166,6382,36940,34,21855,2383,5028,10493,32899,4588,19020,5983,31649,52795,12718,98,443,12060,5653980.0
Massachusetts,2019,,592436,53403,86271,30081,194006,15900,3857,21426,40744,16406,4646,8654,6215,6211,12223,26051,7626,4274,7642,14225,24675,9521,10427,5721,135121,8859,16774,596,43102,22048,6344,9222,9072,2895,33534,7121,10252,17008,14721,64,656,7276,6489537.0
Michigan,2019,,280327,20906,1738,14843,6251,32441,11286,5870,11598,17840,11717,12707,2157,4027,9571,20695,14807,7266,20732,9546,33748,15371,8918,9215,50313,12145,15787,5204,14593,823,5144,6841,15487,2740,145135,2325,32239,6556,7005,46,2727,5108,9394171.0
Minnesota,2019,,205634,15479,1526,2023,3265,19060,3080,977,14474,2700,3983,4386,112,2196,1868,9258,3051,1006,2091,6365,7608,6068,5503,3035,23773,4411,5032,64057,22940,5888,9752,16866,7643,2618,15014,1268,83546,12244,10799,39,6277,4834,5211714.0
Mississippi,2019,,67792,3876,304,638,626,2596,615,269,591,268,36,140,0,380,639,1573,551,950,305,991,255,773,453,207,3754,941,1097,9,6599,370,319,225,2953,416,3583,204,305,735,245,20,3914,491,2797771.0
Missouri,2019,,151938,10970,1206,3661,2318,20180,10773,1301,6840,1865,13101,2910,342,1955,2876,5320,3349,1163,1528,3802,4865,4996,1904,2331,23480,2361,6487,1437,13786,742,2400,3727,7911,4153,13648,889,6471,3985,6055,134,940,1496,5733340.0
Montana,2019,,14903,1955,49,504,333,6257,886,137,728,162,114,349,9,126,0,128,68,13,6,135,647,16,0,0,1151,681,436,85,289,0,269,170,1182,402,633,335,36,140,118,125,6981,687,989614.0
Nebraska,2019,,133473,3982,251,563,1106,4421,567,308,1766,630,930,1278,44,1069,188,1998,466,130,341,3478,2348,1747,981,591,5209,1358,1627,235,6528,144,1889,6278,1755,934,5774,86,3945,1193,3477,31,791,519,1783098.0
Nevada,2019,,591714,8763,635,4122,4311,7843,1628,1638,5458,1513,3541,3564,3500,4299,873,4576,1681,2306,1368,2104,4387,742,892,839,31292,6063,10754,212,9724,1093,6318,1849,80467,9825,4451,2651,12653,1434,1774,657,2366,2297,2788848.0
New Hampshire,2019,,30292,18153,519,1417,3987,3253,585,1953,1812,965,1032,928,107,343,745,1789,390,103,313,4154,1957,2153,1464,809,5703,840,1413,7,2363,499,1717,675,2093,1068,3078,503,506,755,1828,3,142,831,1284281.0
New Jersey,2019,,1371956,35847,52174,61875,79236,19597,9531,20418,50149,56328,6852,20941,4401,6396,78583,78454,31843,16231,24466,22740,20874,31089,26470,17482,119447,10744,75617,15,16953,1104,2971,18668,76139,5262,67877,16100,4650,34733,6855,17,989,15696,8358979.0
New Mexico,2019,,523639,4603,180,988,652,5124,731,539,1167,493,195,374,51,1189,452,1016,714,154,505,672,1267,668,169,132,5135,1521,1576,14,4376,0,1125,720,4139,971,2872,473,130,1013,1189,64953,32751,723,1966304.0
New York,2019,,2758925,129382,147951,149710,44248,54922,169669,61238,218526,83464,32012,36742,7075,25304,18176,61606,73704,34831,124962,31764,82512,10124,11181,30345,587279,33085,98713,311,23753,3761,11358,53955,75333,9761,105028,63370,15179,90443,11511,191,4177,34585,18418118.0
North Carolina,2019,,735619,28268,6022,7025,8752,22255,4507,4880,13022,3775,3633,4467,366,5328,13906,19211,5717,2335,3353,12969,9230,14780,9749,5336,37438,7203,15548,11163,23104,3294,7328,10371,13749,7447,23302,1866,6891,11954,8306,137,2072,4109,9659751.0
North Dakota,2019,,12945,2012,208,119,99,5621,448,8,572,581,1024,360,0,283,162,441,180,40,93,2101,1397,91,36,8,1517,535,407,42,691,21,214,96,1642,297,1349,6,2154,923,1097,37,1758,384,703502.0
Ohio,2019,,256003,25258,2117,12916,4259,44046,54186,8108,15854,6505,10552,14479,628,3687,8829,19966,5482,4530,3723,26606,15327,12326,7154,3721,46420,8978,10577,608,13670,3975,5219,8463,12173,3305,44168,2250,24276,20688,7272,40,1180,8908,10960686.0
Oklahoma,2019,,266711,4971,588,792,1353,7618,1390,352,2041,454,275,529,115,1692,1260,2473,2440,301,1397,1769,1296,1221,1190,2191,9925,1845,4079,3716,18298,348,2679,4621,4137,3612,5400,661,792,3036,1976,306,13797,760,3671554.0
Oregon,2019,,354093,10781,438,2745,3078,14789,3108,1093,21251,1529,2166,6969,456,4490,892,7145,1129,1014,1829,3680,9479,3361,2501,1546,32665,9350,10485,1932,26571,3239,4719,5192,11544,9675,8171,1394,6858,1331,1662,190,1831,2489,3899246.0
Pennsylvania,2019,,603300,37898,18236,33604,16273,42963,75174,13455,39527,18307,6430,18188,1391,5661,22231,25107,11886,5153,12422,20663,20226,13358,9928,14276,89253,6761,27176,362,35626,9929,4937,10969,15865,5696,38700,5987,6395,18568,7222,97,1014,9887,12084967.0
Rhode Island,2019,,123414,9406,8894,5879,29268,1995,178,1556,1744,1487,180,448,634,270,854,2241,852,46,388,631,1804,806,1024,418,7014,815,1184,761,1612,4795,2696,646,1439,139,3381,480,221,3401,552,24,105,877,1002559.0
South Carolina,2019,,215524,11039,761,3038,5062,13129,1442,1682,6820,1537,829,3016,87,1137,4476,3984,1027,566,778,1291,2895,1896,1148,924,12400,2414,4286,1252,7673,1320,2164,2152,8250,1174,4223,909,1287,1277,913,0,666,2233,4729875.0
South Dakota,2019,,16458,1140,57,193,61,5164,438,85,434,38,741,672,3,151,55,299,365,0,98,1432,472,322,5,101,1312,217,581,42,673,141,478,2028,1064,198,1157,26,2372,456,2031,83,9970,316,810239.0
Tennessee,2019,,261658,10717,1779,2007,2360,11851,2862,1106,5368,1561,1347,2518,171,3295,6383,5037,2309,167,1311,4571,9673,4609,2241,1916,15770,4129,8287,451,10442,1700,6716,4469,7468,2478,23909,546,7533,5712,3715,29,911,1641,6302918.0
Texas,2019,,7690703,71800,8004,11339,28486,61654,10864,6952,25237,8092,8789,9273,1861,34928,35672,87604,79426,9448,22273,44515,24157,52687,32793,44718,175654,19559,58636,1038,221068,11003,22688,28275,86959,20687,92138,6107,33974,74568,34070,1066,3052,11425,26261053.0
Utah,2019,,296951,7848,212,2278,12099,8522,2058,1147,3513,842,3396,1289,655,1474,465,2486,1495,1058,346,3234,3916,1598,1118,604,15761,5553,4909,194,7059,1503,3981,2227,5888,12297,4273,132,3197,674,2263,7761,1930,1444,2845963.0
Vermont,2019,,6771,8385,85,865,227,2303,457,252,858,639,1605,309,124,113,154,188,91,235,138,1929,868,97,14,44,2439,414,462,0,545,60,236,488,507,97,735,215,553,117,478,0,109,484,594745.0
Virginia,2019,,581242,32427,5576,8232,10601,25774,4316,6559,16783,3962,4166,5290,1262,31469,9291,29796,33083,8494,14766,16430,15828,23556,10198,7085,62068,10772,55284,177,50611,6716,11183,13010,46320,5000,54022,1563,37306,23073,5934,124,783,6827,7946064.0
Washington,2019,,597020,22970,1738,4538,7150,26511,4769,2319,57090,5090,5208,29016,1284,9726,4020,30978,6920,17414,3403,10209,21158,11783,9095,6928,115095,26978,47521,1846,63568,16208,13463,9554,61927,32136,18090,3742,37620,6283,9357,527,3672,6515,6949743.0
West Virginia,2019,,18195,2538,108,1339,291,2534,493,449,465,334,41,218,11,524,365,634,521,13,490,991,494,584,386,258,2879,911,470,22,1029,8,164,314,1474,550,2584,50,250,562,425,9,170,431,1719765.0
Wisconsin,2019,,253716,9213,489,3521,2102,29187,10916,1741,5647,6020,4044,2732,303,1497,2026,7256,4248,2743,1500,3298,6916,3700,2488,1667,16688,2289,4268,42775,3875,855,3077,6815,5392,1683,8623,874,2734,3130,1259,192,3575,1984,5457532.0
Wyoming,2019,,27394,1131,53,309,155,2053,191,104,377,15,166,206,0,47,30,65,63,6,120,174,189,47,110,27,908,596,423,4,215,36,206,17,797,372,335,29,4,192,308,291,2230,258,544483.0
Puerto Rico,2019,,2994452,1131,98,655,442,286,65,0,69,0,8,8,0,36,50,49,0,0,38,0,57,35,0,0,1265,84,48,0,108,0,0,0,8,0,423,68,0,23,34,0,0,104,3174824.0
Alabama,2020,,152727,6543,1110,1094,2119,8203,738,862,2140,395,312,1011,51,1107,2952,2654,2220,471,1093,2213,1340,2120,386,474,10460,1838,8920,81,7250,498,2198,1074,3521,1171,5734,266,402,1432,1637,60,708,1509,4599254.0
Alaska,2020,,23785,2100,286,352,323,2998,350,205,4502,383,406,665,14,97,31,106,227,13,58,328,1121,14,21,19,1514,1690,4115,4195,685,124,1804,391,18419,6029,1150,137,405,462,590,23,27667,706,684688.0
Arizona,2020,,1358980,16567,874,7684,4449,18169,3183,2623,7056,6312,7750,4190,1674,7768,4606,14505,3393,3863,3554,6396,13192,7867,6590,3350,35526,7143,9804,111,22073,1956,4468,5009,26831,6899,23294,2903,10835,4208,9503,84467,28909,4780,6742840.0
Arkansas,2020,,153429,3127,169,530,1074,3924,1286,159,541,460,168,526,53,433,1301,1842,1028,328,758,926,1421,2122,1141,423,4822,1131,1951,1214,4842,378,5072,503,3194,7792,2862,244,127,568,555,8,625,441,2823428.0
California,2020,,10462968,129503,8201,54379,90156,94175,26891,19881,166823,20449,20267,39152,194004,207821,50703,200278,57457,141680,28300,57148,71997,66060,59382,37821,1254601,136915,360451,74662,564809,70134,78054,65423,786864,121988,190446,44657,64594,32127,17176,1300,5784,35605,36936941.0
Colorado,2020,,602273,18965,1032,4367,5898,22635,3129,2012,15342,4637,2925,3870,664,5177,1740,7737,1901,1596,1587,7084,7051,3563,3301,2222,24224,6996,14044,2991,20909,2133,4128,7049,8379,5861,12795,2284,15379,5824,4624,2581,1686,4007,5353987.0
Connecticut,2020,,403019,23056,15590,26305,35604,8735,2061,8750,10255,29528,4712,5224,690,2253,7991,13657,7027,1514,5839,4730,16741,5929,5963,3373,28340,3896,6353,104,8181,2182,3272,3198,7415,954,12663,2343,1503,7490,2240,15,585,9316,3387841.0
Delaware,2020,,64832,3257,4740,1214,594,1895,2662,984,1007,778,284,722,0,625,2701,2686,919,166,1336,576,713,1730,2013,964,8643,494,1628,0,1399,177,417,982,2635,167,1943,142,339,2852,2037,29,44,1338,912905.0
District of Columbia,2020,,59522,8372,763,1648,1654,2465,321,654,2012,356,546,775,337,1473,396,1262,361,236,616,907,1469,229,516,220,5649,882,1735,0,1522,192,125,713,1372,464,2435,765,6185,2003,830,0,21,1019,657061.0
Florida,2020,,4376716,105110,420986,45311,134199,61661,17492,19404,53259,25053,16931,20722,2526,10376,22687,28746,17087,2653,13670,11327,39000,13498,8544,11261,77968,11725,19065,1134,67807,4772,15425,14388,66800,9063,62722,22348,5065,10688,5608,228,1698,32522,20083534.0
Georgia,2020,,781103,36896,17103,5369,19638,22664,5234,1944,14612,2575,5576,5538,396,8624,23356,31912,14393,2638,10397,13940,13444,19004,12980,7712,51251,9588,47879,3783,52832,2389,7169,9217,13502,5153,20010,4932,21530,33742,12993,167,682,10681,9864494.0
Hawaii,2020,,29327,3827,288,918,1596,3041,412,239,1191,578,338,482,114,427,43,639,56,59,37,466,1021,138,160,98,31910,40764,18777,26,9513,409,4066,495,57292,125108,621,375,121,193,129,22,119,12526,1331895.0
Idaho,2020,,131145,3135,172,602,1492,4053,757,234,2574,417,1644,2106,82,847,15,831,204,64,57,1728,1706,273,315,162,4927,1474,967,37,1480,30,1204,674,2270,1130,3159,305,572,57,1241,357,2185,514,1640035.0
Illinois,2020,,1596614,35390,4931,27094,9158,33146,6500,27244,44146,170377,30839,42867,2074,7556,47665,47493,52562,6136,5743,15716,49341,22369,13444,15662,105801,14723,40729,373,27147,2777,11355,15974,78836,6793,69756,5190,20579,23802,7829,84,852,6316,11960646.0
Indiana,2020,,290345,11600,1897,2532,2746,30330,30437,3673,4324,3935,4316,4489,189,1884,3813,8960,3568,7076,1816,3029,4178,4491,4642,1693,26718,5952,7838,300,7415,756,2460,20759,8516,2787,12036,1070,2931,8614,3784,62,635,1912,6278766.0
Iowa,2020,,121749,8256,555,897,2076,10009,5371,363,2629,606,7455,1123,35,519,1418,3595,1176,605,626,4753,1496,2743,955,693,11330,1241,3062,192,9162,877,5834,7184,3409,2801,9952,250,2136,2509,5445,47,1513,697,2954549.0
Kansas,2020,,207181,3976,512,814,1972,10202,2446,205,2114,270,559,866,32,1781,1126,4155,2039,1684,959,3134,1099,3221,1011,1086,11214,1907,3814,1682,13161,807,5747,4123,3364,2132,6273,249,2772,2015,3966,271,1069,548,2723766.0
Kentucky,2020,,113336,9006,1180,1309,1702,12914,7678,494,3993,681,4504,1693,59,1865,3802,3694,1629,383,411,5376,1551,1883,1384,1178,7942,3842,3579,324,5008,1194,1367,4956,4297,1553,8534,245,4543,2866,5498,44,339,1097,4188377.0
Louisiana,2020,,161117,76909,4168,1986,3134,4641,756,610,1850,315,740,620,61,621,1444,2573,2003,645,835,1944,1652,1435,232,595,10233,2199,2287,18,24960,995,2672,1013,5827,792,10789,412,1283,1990,1137,0,487,945,4359716.0
Maine,2020,,11811,33632,220,856,1555,2890,1096,736,804,825,220,775,46,867,107,342,173,8,187,108,921,206,104,65,3304,681,510,0,838,1040,649,282,1290,372,1542,251,2399,271,2169,10,1145,874,1276837.0
Maryland,2020,,470919,56579,12731,7241,15509,15212,3340,7876,20719,4322,1959,4323,1506,16288,9697,18499,20676,7404,8261,15244,8866,9531,6726,4981,70599,6656,37839,18,21221,2398,5432,10246,32660,4863,20887,6510,32363,54301,11345,19,617,12400,5674006.0
Massachusetts,2020,,593684,51400,89506,29302,191943,15839,3754,20380,38615,16082,4299,7894,6486,6737,11955,29578,8416,4012,8823,14222,25064,9344,10184,6852,140002,9450,16724,899,42084,21896,6649,9115,8472,3235,34737,6866,9755,18602,14964,71,754,8452,6514973.0
Michigan,2020,,272275,21522,1763,14679,7051,32254,12402,7015,12077,18036,10692,14431,1854,4188,9282,20831,14722,7715,21627,9674,35193,15253,9414,9440,47988,12774,15585,5762,14783,947,4919,6734,15674,3439,147867,2198,30293,7625,7815,88,2876,4987,9405581.0
Minnesota,2020,,203634,16288,1368,1913,3329,18360,3178,1097,14239,2856,3602,3882,112,2623,1824,8374,3380,1159,2348,6876,7377,6531,6070,2637,24128,4691,5158,67265,20874,6057,9746,15762,7770,2402,14758,1282,85630,11602,11079,27,6302,4542,5249062.0
Mississippi,2020,,67565,3969,523,1000,628,2442,657,276,557,188,15,188,0,357,465,1486,567,758,256,1088,275,704,342,605,4122,678,929,19,5983,350,359,200,3642,389,3594,101,297,736,368,15,4069,550,2796561.0
Missouri,2020,,149698,11836,1209,3457,2510,19321,9670,1160,6983,1976,13979,3253,294,2170,2043,5939,3901,1193,1522,3490,5400,5787,2042,2364,23747,2633,6548,1044,14631,747,2359,3842,8518,4043,13133,779,5873,3479,5817,97,912,1705,5753114.0
Montana,2020,,14172,1763,50,443,311,5695,610,148,886,194,70,398,16,189,0,117,114,9,3,187,668,0,22,0,1132,620,261,141,644,15,367,207,1317,658,680,275,42,145,116,69,6676,674,1000367.0
Nebraska,2020,,137352,4660,149,571,892,4176,495,312,2059,624,980,1520,34,982,279,2146,375,158,334,3062,2740,1764,787,751,5653,1772,1752,162,6870,199,1669,6641,2164,950,5611,133,3863,1404,3672,36,834,510,1793084.0
Nevada,2020,,593610,8661,972,3930,3901,7885,1515,1697,5313,2013,2966,3466,3467,4743,1279,4056,1925,2133,1005,2308,4793,1182,1008,886,31295,6098,10799,250,10786,997,6863,1359,83372,9878,5422,3241,13698,1732,1762,583,2548,2863,2846140.0
New Hampshire,2020,,30856,17619,258,1464,4937,3600,475,2695,1998,900,1392,837,117,297,810,1732,453,258,112,4187,1974,2115,954,698,5793,868,1602,12,2192,279,1541,571,1762,955,3051,366,382,951,2167,3,158,897,1291567.0
New Jersey,2020,,1368165,35687,54533,60075,84801,19450,9653,19233,51713,59210,7558,21487,4119,5136,80552,79659,32614,16118,23326,22030,22159,35776,28129,17812,119892,11557,75298,12,16357,1093,3226,21065,75711,5447,71366,17182,6131,36211,7022,0,839,17053,8367069.0
New Mexico,2020,,514071,4040,175,1069,628,6123,638,649,1112,638,359,507,43,1191,365,1022,812,128,431,791,1144,637,104,376,5201,1548,1940,11,4460,0,922,508,5135,912,2946,298,85,1426,1424,63783,32954,714,1974028.0
New York,2020,,2702957,129735,145635,144062,47232,54524,179324,60074,223297,82573,29554,37313,7101,26401,18878,56428,73872,35546,132155,32186,85819,10146,10991,29871,584577,33611,93719,304,22524,3833,10773,55822,72680,10370,109414,63067,17106,89948,11747,120,3720,35285,18374180.0
North Carolina,2020,,736886,29939,5525,8125,9444,21300,4390,5079,12195,3480,3358,5273,360,4564,14213,19792,7447,3299,3431,12818,8627,16684,9867,4614,37320,7963,16608,10700,24305,3469,7136,9729,14292,7058,28183,1644,7812,12151,9359,124,2044,5029,9780928.0
North Dakota,2020,,13295,2087,195,98,105,4953,576,1,450,195,600,293,0,326,526,275,182,26,151,1913,1477,99,87,6,1162,818,978,37,565,30,309,67,1762,232,1575,6,2256,944,1521,57,1767,407,706986.0
Ohio,2020,,252994,26457,2362,12603,4538,43517,53608,8350,15988,6271,10042,14142,613,3573,8373,19966,5738,5631,3989,27916,14531,13320,7349,4280,47588,9381,10311,319,13299,3270,5086,8055,13453,3556,44730,2325,25300,22306,8573,39,1049,8332,10982292.0
Oklahoma,2020,,269433,5467,554,838,1765,7973,1562,310,2173,574,287,704,225,2041,1337,2669,2327,408,1356,1465,1403,1218,1189,2231,9675,1710,4451,4211,17684,266,2780,5612,4182,4288,4607,816,1323,2846,2224,230,13883,1157,3690339.0
Oregon,2020,,349549,12250,436,2694,3161,14417,3107,1331,22044,1441,1733,7839,592,5145,868,6779,885,1469,1772,3455,9476,3935,2558,2414,31144,9854,10516,1994,27023,3369,5209,5776,12283,9074,9144,2140,7172,1295,1398,190,2286,3832,3948032.0
Pennsylvania,2020,,615972,36571,19415,33201,17001,39564,72960,12514,40408,16186,6807,18178,1676,5234,20723,25691,13530,5184,12861,21159,20483,13642,11284,13499,91052,6292,26437,679,36859,10815,5341,10861,16716,5838,37087,5618,6782,20236,7798,70,981,10354,12092654.0
Rhode Island,2020,,123763,9545,9097,5416,28559,1943,145,1360,2321,1604,169,609,625,163,989,2223,730,64,481,685,1477,1064,893,631,6640,895,1121,590,1303,4542,2993,570,1383,178,3197,269,262,4135,827,23,76,927,1003110.0
South Carolina,2020,,221714,10970,1092,2955,5686,12601,1333,1873,7189,1962,1067,4122,118,1100,4812,5400,1053,489,697,1234,3835,2320,1057,887,11894,2984,4672,1337,7530,1172,2197,2063,8536,1073,4628,881,1752,2144,1322,1,371,2913,4799866.0
South Dakota,2020,,17587,1174,63,134,201,5128,573,80,1262,59,581,591,4,149,48,290,305,0,114,1415,362,232,221,131,1175,178,769,31,686,109,578,1217,1128,271,1119,20,2668,463,2619,60,9475,249,819317.0
Tennessee,2020,,264534,10625,2671,2105,2645,10776,3257,961,4911,1894,1464,2644,177,2857,7631,6014,2733,335,1310,4375,9070,4297,2477,1555,15351,4411,8065,562,9457,1643,7116,4211,7442,2458,26921,516,7071,6187,4552,11,957,1402,6365282.0
Texas,2020,,7666020,74893,7503,12455,30292,60361,10074,7966,25768,8829,9479,9295,1912,37005,38788,85374,84889,10213,21336,44562,27877,54400,34182,43199,178422,20525,62839,1525,230667,11842,22334,29762,87088,21435,102491,6229,36553,80446,35235,776,3345,11158,26638435.0
Utah,2020,,297926,7380,272,2204,12483,8760,1990,1250,3273,827,3549,1415,742,2224,953,2736,1537,1046,367,3072,4161,1576,790,972,16328,5245,5374,330,7452,1545,3193,2678,5793,13034,4208,132,2848,542,2701,7767,1524,1416,2902637.0
Vermont,2020,,6810,8338,78,785,357,2053,474,246,975,528,1239,354,109,206,142,271,97,267,15,1839,727,130,11,93,1976,381,432,0,452,122,127,562,481,94,404,215,521,254,402,0,70,451,595302.0
Virginia,2020,,580417,34352,6004,8367,11633,25951,4339,6474,17053,4181,4113,5697,1937,30834,9916,31943,34616,8121,14635,16963,16453,24308,10510,7778,60084,9844,58741,177,48699,6398,11398,14622,45566,5543,55999,2201,38496,23869,5451,121,630,7159,8001236.0
Washington,2020,,602058,24141,1511,4663,8077,26944,4339,2453,59132,5143,5317,30577,1435,11920,4203,33322,7177,18944,3392,9477,22943,12135,10946,7996,118426,28685,51217,1560,62742,16029,13420,10766,61621,32029,20468,3841,39325,8119,11618,316,4222,7168,7057853.0
West Virginia,2020,,17467,2367,82,1567,228,2147,766,499,529,163,44,126,11,246,324,547,435,14,502,1132,474,358,350,86,2692,783,585,24,806,9,267,276,1807,426,2808,48,247,614,392,10,116,357,1711734.0
Wisconsin,2020,,254258,8926,620,3568,2174,27160,10707,1643,5841,6069,4314,2505,397,1192,1920,6867,4022,2237,1509,3952,7252,4148,2297,1850,16754,2288,3962,40771,4582,669,3632,6502,5470,1861,8643,831,2740,3316,1393,102,3258,3024,5475909.0
Wyoming,2020,,25717,1072,43,273,160,1980,194,55,691,72,185,208,0,62,22,66,50,8,117,60,146,44,151,44,1103,592,357,4,74,9,196,40,539,530,258,15,3,271,12,282,1975,296,545912.0
Puerto Rico,2020,,2952046,1067,90,586,411,281,80,0,50,0,10,9,0,22,47,90,0,0,36,17,53,42,0,0,1275,87,48,0,10,0,0,0,10,0,444,42,0,24,18,0,0,70,3124678.0
